alloy,Temperature,Ni,Al,Co,Cr,Mo,Re,Ru,Ti,Ta,W,Hf,Nb,Si,C,Y,Ce,B,Ni_a,Al_a,Co_a,Cr_a,Mo_a,Re_a,Ru_a,Ti_a,Ta_a,W_a,Hf_a,Ni_A1,Al_A1,Co_A1,Cr_A1,Mo_A1,Re_A1,Ru_A1,Ti_A1,Ta_A1,W_A1,Hf_A1,Ni_L12,Al_L12,Co_L12,Cr_L12,Mo_L12,Re_L12,Ru_L12,Ti_L12,Ta_L12,W_L12,Hf_L12,gamapie,k(g2/m4/h),CE_avg,CE_var,PE_avg,PE_var,IE_avg,IE_var,VE_avg,VE_var,a_r_avg,a_r_var,i_r_avg,i_r_var,ion_v_avg,ion_v_var,e_a_con_avg,e_a_con_var,Val_eff_c,Val_eff_γ,Val_eff_γ',G_al2O3,D_Ni,D_Ni3Al,classify_label
,1000.0,0.6041699326202068,0.13834315221988971,0.12667565745435685,0.05981567703353566,0.00648340845386942,0.016704700353081924,0.0,0.0,0.02750450054819369,0.020302971316865884,0.0,0.0,0.0,0.0,0.0,0.0,0.0,0.000721029,6.74e-08,0.000518684,0.001514625,0.000255282,0.000369276,2.99e-14,2.73e-18,1.82e-08,0.000920124,3.47e-20,0.213446301,0.032515496,0.097009817,0.047695641,0.005013196,0.014102542,0.0,0.0,0.00243206,0.013714946,0.0,0.390264211,0.105817766,0.028720176,0.011522227,0.001337808,0.001087325,0.0,0.0,0.025065398,0.005465088,0.0,0.56928,0.56,4.531867251332913,1.0895118299575,1.8490561623297852,0.15951524484610807,714.3010347093162,63.88476559185481,1.4245225607876593,0.4716227239998887,0.1493216190893954,0.017277928061732156,68.52963533244086,8.501904998772497,2.5646076084945504,1.0729861933645872,1.4073701931591238,0.6974771654178944,-0.43539239150544967,-0.12419267100000002,-0.31755007700000004,-598.0286129226104,3.083846236515758e-19,4.7592289581041404e-08,1
,1100.0,0.6041699326202068,0.13834315221988971,0.12667565745435685,0.05981567703353566,0.00648340845386942,0.016704700353081924,0.0,0.0,0.02750450054819369,0.020302971316865884,0.0,0.0,0.0,0.0,0.0,0.0,0.0,0.000594741,1.62e-07,0.000345979,0.001046479,0.000206338,0.000301244,1.57e-14,4.3e-18,4.44e-08,0.000752977,7.24e-20,0.302741982,0.05618163,0.105204444,0.050686876,0.005600852,0.015440036,0.0,0.0,0.006444051,0.016115713,0.0,0.301438166,0.082153404,0.021470106,0.009136497,0.00088318,0.001262947,0.0,0.0,0.021059427,0.004190689,0.0,0.44159,39.2,4.531867251332913,1.0895118299575,1.8490561623297852,0.15951524484610807,714.3010347093162,63.88476559185481,1.4245225607876593,0.4716227239998887,0.1493216190893954,0.017277928061732156,68.52963533244086,8.501904998772497,2.5646076084945504,1.0729861933645872,1.4073701931591238,0.6974771654178944,-0.43539239150544967,-0.19382411300000002,-0.24157181100000005,-569.8045355385448,1.62275911267902e-18,3.1592603459467923e-06,3
,1000.0,0.5922188994756301,0.1392716414971039,0.12752584040698667,0.060217129608843956,0.006526921812735562,0.016816813854242135,0.009294421904600432,0.0,0.027689096846776926,0.02043923459308019,0.0,0.0,0.0,0.0,0.0,0.0,0.0,0.000689233,7.69e-08,0.000512962,0.001485486,0.00024853,0.000336573,0.000438748,3.1e-18,2.03e-08,0.000952564,3.8e-20,0.198047187,0.030199879,0.097059458,0.048228354,0.005038163,0.013642946,0.007860698,0.0,0.00201194,0.01359722,0.0,0.39355113,0.109057658,0.028987455,0.010894808,0.001240013,0.000974708,0.001188105,0.0,0.025665375,0.005196518,0.0,0.57675,1.73,4.553941017827945,1.11551974840755,1.8513425204631306,0.1624732253436196,713.8979996345464,64.15122903386431,1.4292672398238704,0.4756515778184272,0.14959331586931324,0.017559811155911827,68.58999379690587,8.574401414756288,2.586985813048455,1.0937111126497527,1.4079150861713166,0.6999094270627367,-0.41301418695154446,-0.10297056799999998,-0.31977326600000006,-599.8896037408903,2.5746974068165583e-19,3.713060605025933e-08,1
,1100.0,0.5922188994756301,0.1392716414971039,0.12752584040698667,0.060217129608843956,0.006526921812735562,0.016816813854242135,0.009294421904600432,0.0,0.027689096846776926,0.02043923459308019,0.0,0.0,0.0,0.0,0.0,0.0,0.0,0.000567654,1.84e-07,0.00034109,0.001032427,0.000202288,0.000290516,0.000291553,4.93e-18,5.05e-08,0.000792669,8e-20,0.285503329,0.053821613,0.10575821,0.051366708,0.005698888,0.015606186,0.008104476,0.0,0.005759165,0.016351425,0.0,0.306724957,0.085442711,0.021765245,0.008855268,0.000827215,0.00120692,0.001193359,0.0,0.021932496,0.004086351,0.0,0.45203,215.9,4.553941017827945,1.11551974840755,1.8513425204631306,0.1624732253436196,713.8979996345464,64.15122903386431,1.4292672398238704,0.4756515778184272,0.14959331586931324,0.017559811155911827,68.58999379690587,8.574401414756288,2.586985813048455,1.0937111126497527,1.4079150861713166,0.6999094270627367,-0.41301418695154446,-0.16851721200000003,-0.24451206800000005,-571.7428740009876,1.3204774825405152e-18,2.354089403908514e-06,3
,1000.0,0.5801063638263171,0.14021267808651078,0.12838751246475685,0.06062400728804585,0.006571023197453642,0.01693044242201066,0.01871444570482864,0.0,0.02787618772170562,0.02057733928837065,0.0,0.0,0.0,0.0,0.0,0.0,0.0,0.000658683,8.72e-08,0.000508364,0.001483566,0.000241936,0.000292948,0.00081156,3.49e-18,2.28e-08,0.001023342,4.2e-20,0.182352778,0.028061962,0.094808572,0.047944016,0.004913542,0.01217391,0.014216888,0.0,0.001727136,0.013605194,0.0,0.396763408,0.1121354,0.02976632,0.01061412,0.0011696,0.00084796,0.002204696,0.0,0.026134712,0.00517548,0.0,0.5848,3.9,4.576313082263817,1.1412745406797233,1.853659775721503,0.1654172164083292,713.489518070483,64.42016876417772,1.4340760369609387,0.47970035146978446,0.1498686842740985,0.01784095973434629,68.65116792668412,8.64725737940501,2.609666429623416,1.114322866913025,1.4084673426963723,0.7023659632630788,-0.39033357037658306,-0.08477758999999999,-0.321558128,-601.663622748593,2.457701693507532e-19,2.892294968319444e-08,3
,1100.0,0.5801063638263171,0.14021267808651078,0.12838751246475685,0.06062400728804585,0.006571023197453642,0.01693044242201066,0.01871444570482864,0.0,0.02787618772170562,0.02057733928837065,0.0,0.0,0.0,0.0,0.0,0.0,0.0,0.000542416,2.08e-07,0.000337719,0.00101641,0.000197162,0.000273389,0.000581794,5.65e-18,5.71e-08,0.000815054,8.79e-20,0.26882975,0.051610673,0.105927523,0.051846926,0.005739889,0.015329637,0.016231696,0.0,0.005165363,0.016253174,0.0,0.311148634,0.088591091,0.022196226,0.008601614,0.000775253,0.001135192,0.002390363,0.0,0.022703832,0.003913181,0.0,0.46146,82.2,4.576313082263817,1.1412745406797233,1.853659775721503,0.1654172164083292,713.489518070483,64.42016876417772,1.4340760369609387,0.47970035146978446,0.1498686842740985,0.01784095973434629,68.65116792668412,8.64725737940501,2.609666429623416,1.114322866913025,1.4084673426963723,0.7023659632630788,-0.39033357037658306,-0.14562886499999997,-0.24701492099999997,-573.6091051496851,1.1066102127284388e-18,1.7996618444636038e-06,3
MC2,1150.0,0.66585780257283,0.11210917166310383,0.053380174266576666,0.09074116354411624,0.013239982174232699,0.0,0.0,0.0189557475546514,0.01939128066599883,0.026324677558490352,0.0,0.0,0.0,0.0,0.0,0.0,0.0,0.000629206,1.4e-07,0.000124795,0.001458568,0.000379351,9.79e-15,1.08e-14,9.64e-08,3.34e-08,0.00099597,1.41e-19,0.431735096,0.060576977,0.046546576,0.080431571,0.012265697,0.0,0.0,0.009823294,0.007521798,0.022088991,0.0,0.234126806,0.051526256,0.006833538,0.010314464,0.00098045,0.0,0.0,0.009130028,0.011867391,0.004231069,0.0,0.32901,0.2952,4.512817894641021,0.9992569957621892,1.8522726011636408,0.1667997378286205,711.9569556998284,60.99722654581763,1.459655852951152,0.4605709315884628,0.15042924156115212,0.016489935675090366,68.8384916517687,7.728215170014764,2.5105744855119885,1.0675249792908645,1.3564088346343317,0.6290541921108437,-0.4894255144880119,-0.303804142,-0.18562743899999995,-547.2015794097672,9.928150206271561e-18,0.00017529930375991196,0
DD32,900.0,0.6317722727733996,0.13642085884348637,0.09368661390456294,0.05308607843649897,0.011507977399470334,0.013178069357670111,0.0,0.0,0.013561161237969353,0.028362883992037215,0.0,0.01056515183809763,0.0,0.007667989107494296,2.070098296736368e-05,0.0,0.0001702421263458493,0.001163241,1.12e-08,0.000530867,0.001716937,0.000371279,0.000528332,5.62e-14,7.22e-19,1.9e-09,0.00109762,8.550000000000001e-21,0.147187114,0.013777344,0.043051667,0.027932045,0.00366214,0.007696571,0.0,0.0,0.00051665,0.009439,0.0,0.501852682,0.122644643,0.049038699,0.024184073,0.007575024,0.002144292,0.0,0.0,0.013042599,0.016387989,0.0,0.73687,0.004536,4.5774762487240706,1.1445966269877073,1.8645802234229962,0.1690934919433588,715.7808182049052,70.66198385066824,1.424865919333086,0.49667757013225694,0.14875950093144538,0.018828713181975102,68.00984370952249,9.829185791642816,2.5701170653760914,1.13478177412734,1.4296914063180675,0.732519348021319,-0.4298829346239085,-0.09145725200000002,-0.39958986100000005,-616.2614433195478,2.610333743509406e-19,3.341993132812499e-10,2
DD32,1000.0,0.6317722727733996,0.13642085884348637,0.09368661390456294,0.05308607843649897,0.011507977399470334,0.013178069357670111,0.0,0.0,0.013561161237969353,0.028362883992037215,0.0,0.01056515183809763,0.0,0.007667989107494296,2.070098296736368e-05,0.0,0.0001702421263458493,0.000912435,3.91e-08,0.000357903,0.001208709,0.000353318,0.000402823,2.83e-14,1.5e-18,5.18e-09,0.000992745,2.15e-20,0.217963259,0.027755034,0.054295716,0.033983597,0.005863894,0.009948198,0.0,0.0,0.001323752,0.013532904,0.0,0.431892825,0.108666133,0.039057033,0.018927347,0.005568728,0.002379366,0.0,0.0,0.012238545,0.014080022,0.0,0.63281,0.00648,4.5774762487240706,1.1445966269877073,1.8645802234229962,0.1690934919433588,715.7808182049052,70.66198385066824,1.424865919333086,0.49667757013225694,0.14875950093144538,0.018828713181975102,68.00984370952249,9.829185791642816,2.5701170653760914,1.13478177412734,1.4296914063180675,0.732519348021319,-0.4298829346239085,-0.13722896499999998,-0.343710753,-590.3436070881905,1.7002621107988421e-18,2.7657644458749826e-08,0
DD32,1100.0,0.6317722727733996,0.13642085884348637,0.09368661390456294,0.05308607843649897,0.011507977399470334,0.013178069357670111,0.0,0.0,0.013561161237969353,0.028362883992037215,0.0,0.01056515183809763,0.0,0.007667989107494296,2.070098296736368e-05,0.0,0.0001702421263458493,0.000729618,1.08e-07,0.00024385,0.000831021,0.000312534,0.000273573,1.46e-14,2.35e-18,1.21e-08,0.000853038,4.7e-20,0.338494244,0.055393242,0.06887996,0.041011412,0.008356198,0.011347182,0.0,0.0,0.003422166,0.018895596,0.0,0.311685666,0.08102928,0.024812946,0.01208172,0.003152148,0.001834968,0.0,0.0,0.010137744,0.009465528,0.0,0.4542,0.348522738,4.5774762487240706,1.1445966269877073,1.8645802234229962,0.1690934919433588,715.7808182049052,70.66198385066824,1.424865919333086,0.49667757013225694,0.14875950093144538,0.018828713181975102,68.00984370952249,9.829185791642816,2.5701170653760914,1.13478177412734,1.4296914063180675,0.732519348021319,-0.4298829346239085,-0.22720016599999998,-0.24988721399999997,-563.6326164300992,5.70991287848881e-18,6.10223271794997e-06,2
DD32M,900.0,0.662132272370377,0.13622581436750983,0.08751701171764234,0.05016017020842379,0.006796062665028757,0.0,0.0,0.0,0.01244969406380887,0.027408709193917774,0.0,0.010209722481017855,0.0,0.006916023468131158,2.000456731903597e-05,0.0,0.00016451489682352432,0.00131783,7.73e-09,0.000554457,0.001442833,0.000191914,3.43e-14,5.73e-14,4.72e-19,1.1e-09,0.000902646,6.6900000000000006e-21,0.16673,0.017495229,0.038098605,0.023623967,0.00180772,0.0,0.0,0.0,0.000854933,0.008902121,0.0,0.512822993,0.118679602,0.04938301,0.026521743,0.004989533,0.0,0.0,0.0,0.011590269,0.018495426,0.0,0.74249,0.001586668,4.5086527829935354,1.033660090891674,1.8641640878590955,0.16543328673920613,715.5708184389558,69.62712003405981,1.4036064831971187,0.46796921339623865,0.14793605269567728,0.017742455449285814,68.23227734434342,9.614995913254235,2.492716899764247,1.0261397118700883,1.4237309312382422,0.7270629557746748,-0.5072831002357528,-0.13289061099999996,-0.419187578,-611.4392148289926,4.500742642852949e-19,2.154456901504942e-10,0
DD32M,1000.0,0.662132272370377,0.13622581436750983,0.08751701171764234,0.05016017020842379,0.006796062665028757,0.0,0.0,0.0,0.01244969406380887,0.027408709193917774,0.0,0.010209722481017855,0.0,0.006916023468131158,2.000456731903597e-05,0.0,0.00016451489682352432,0.001034468,2.72e-08,0.000372198,0.001054735,0.000190865,1.83e-14,2.85e-14,9.79e-19,3.06e-09,0.000797987,1.7e-20,0.241991539,0.032202151,0.048004718,0.029486085,0.00294824,0.0,0.0,0.0,0.001846335,0.012050931,0.0,0.437564507,0.103971535,0.039479504,0.020661698,0.003845652,0.0,0.0,0.0,0.010602381,0.015344721,0.0,0.63147,0.033833189,4.5086527829935354,1.033660090891674,1.8641640878590955,0.16543328673920613,715.5708184389558,69.62712003405981,1.4036064831971187,0.46796921339623865,0.14793605269567728,0.017742455449285814,68.23227734434342,9.614995913254235,2.492716899764247,1.0261397118700883,1.4237309312382422,0.7270629557746748,-0.5072831002357528,-0.19330135599999998,-0.358788626,-585.221815838961,3.1548883326580317e-18,2.2072189856363996e-08,0
DD32M,1100.0,0.662132272370377,0.13622581436750983,0.08751701171764234,0.05016017020842379,0.006796062665028757,0.0,0.0,0.0,0.01244969406380887,0.027408709193917774,0.0,0.010209722481017855,0.0,0.006916023468131158,2.000456731903597e-05,0.0,0.00016451489682352432,0.000817851,7.88e-08,0.000249496,0.000749533,0.000178986,9.79e-15,1.47e-14,1.54e-18,7.39e-09,0.000711273,3.83e-20,0.37452597,0.060936655,0.063163165,0.037592035,0.004599205,0.0,0.0,0.0,0.004036955,0.017396015,0.0,0.305028578,0.07524047,0.02432139,0.01255467,0.002197505,0.0,0.0,0.0,0.008409178,0.010002587,0.0,0.43775,0.663210948,4.5086527829935354,1.033660090891674,1.8641640878590955,0.16543328673920613,715.5708184389558,69.62712003405981,1.4036064831971187,0.46796921339623865,0.14793605269567728,0.017742455449285814,68.23227734434342,9.614995913254235,2.492716899764247,1.0261397118700883,1.4237309312382422,0.7270629557746748,-0.5072831002357528,-0.30046639999999997,-0.251609946,-558.8344195451641,1.0004946747699487e-17,7.025009740220792e-06,0
CMSX-4,1000.0,0.635780242394794,0.12552552739495043,0.10262414029707653,0.06978046831969292,0.0037817450261845038,0.009743781827669258,0.0,0.012633466863811822,0.020054075122272752,0.019737730377632896,0.00033882237591499354,0.0,0.0,0.0,0.0,0.0,0.0,0.000819877,4.33e-08,0.000421393,0.001761624,0.00015195,0.000265745,2.99e-14,1.77e-08,1.07e-08,0.000941118,1.21e-11,0.248165342,0.031183474,0.07751789,0.056209109,0.002990318,0.009024114,0.0,0.001718879,0.002294792,0.013888364,1.33e-05,0.387620481,0.094331826,0.025097969,0.013579416,0.000790926,0.000718517,0.0,0.010911434,0.017762411,0.005848395,0.000323054,0.55699,0.003312,4.487449652057275,0.9801591527674762,1.8484452424118332,0.15878239749220163,713.7180411613039,62.256389272502346,1.4205776174137346,0.43544536686524665,0.14939022016378892,0.01623760276090412,68.80313214626831,8.082901356937729,2.5073461869562697,0.9971517497257795,1.3788440661303405,0.6641258289023775,-0.4926538130437309,-0.17315930499999999,-0.319506174,-591.7835886558292,5.4210009121916665e-19,1.1484105089484843e-07,0
CMSX-6,1000.0,0.6729933231419629,0.09868549661676854,0.0463155705752944,0.10390483817825887,0.016835282118888635,0.0,0.0,0.054805590240361385,0.006156909775034455,0.0003029893534309003,0.0,0.0,0.0,0.0,0.0,0.0,0.0,0.00089405,2.42e-08,0.00018163,0.003076819,0.000793854,3.24e-14,3.2e-14,7.86e-08,3.29e-09,2.02e-05,1.15e-19,0.263892455,0.02208417,0.03226757,0.090265485,0.015477905,0.0,0.0,0.006640785,0.00062136,0.00025027,0.0,0.409109655,0.076594005,0.014047635,0.013649685,0.001358715,0.0,0.0,0.04815195,0.00553719,5.12e-05,0.0,0.5685,0.00828,4.381273730153175,0.5605624492698198,1.834571438695214,0.15833146689384633,708.6570980414125,60.51702968374454,1.417999184901439,0.31771392201196985,0.15034340999907836,0.014496075153557641,69.20075989603716,7.1784618803386095,2.445540901065426,0.8931700833907225,1.3169921266191789,0.5886325994284671,-0.554459098934574,-0.20882442500000004,-0.34565358000000007,-583.5724752666056,1.1662477476357972e-18,1.4015394114080043e-07,0
DD6,980.0,0.6476443525103129,0.12933525955683597,0.0951649285035239,0.05152713187577874,0.012988406546726103,0.006693005414384369,0.0,0.0,0.025828401849197997,0.027115700786735628,0.0003491057224938006,0.003353707234010682,0.0,0.0,0.0,0.0,0.0,0.000912956,3.11e-08,0.000448063,0.001332319,0.000526912,0.000206528,3.48e-14,1.6e-18,8.27e-09,0.001175361,6.13e-12,0.23696844,0.028546907,0.070405865,0.038866104,0.009560734,0.006047205,0.0,0.0,0.002299988,0.017276557,8.2e-06,0.414719158,0.100527608,0.024568433,0.012567426,0.003404415,0.000631321,0.0,0.0,0.023476896,0.009782532,0.000342212,0.59002,1.2672,4.560410723939461,1.109705042253907,1.859002679754032,0.1613802637016339,715.0012333986435,61.81934850579411,1.4441198795420613,0.4896054475274233,0.14964088308173282,0.017349228817582097,68.6473457491071,8.261851507035033,2.5447673042077525,1.114435054473718,1.397782873191228,0.6744099655570842,-0.45523269579224784,-0.13975398099999997,-0.32659967100000004,-595.5989194291074,5.6167120719333315e-19,4.3396654660163685e-08,1
DD6,950.0,0.6476443525103129,0.12933525955683597,0.0951649285035239,0.05152713187577874,0.012988406546726103,0.006693005414384369,0.0,0.0,0.025828401849197997,0.027115700786735628,0.0003491057224938006,0.003353707234010682,0.0,0.0,0.0,0.0,0.0,0.000971325,2.24e-08,0.000503188,0.001486777,0.000564612,0.000230171,4.24e-14,1.32e-18,6.1e-09,0.001267442,4.47e-12,0.218901839,0.024383087,0.069123861,0.038270144,0.009234969,0.006074626,0.0,0.0,0.001730115,0.016739824,7.69e-06,0.432785298,0.104689342,0.02585226,0.013160031,0.003730112,0.000603219,0.0,0.0,0.024048757,0.010322438,0.000344697,0.61553,0.8496,4.560410723939461,1.109705042253907,1.859002679754032,0.1613802637016339,715.0012333986435,61.81934850579411,1.4441198795420613,0.4896054475274233,0.14964088308173282,0.017349228817582097,68.6473457491071,8.261851507035033,2.5447673042077525,1.114435054473718,1.397782873191228,0.6744099655570842,-0.45523269579224784,-0.125360288,-0.34097899899999995,-603.8786452516708,2.8922878733856177e-19,1.4742584756478448e-08,1
DD10,900.0,0.6385975538136597,0.08682192928401522,0.04968724868663522,0.1407725752453564,0.003051661870873802,0.0,0.0,0.048933688157149165,0.017800798726725735,0.014334544215584595,0.0,0.0,0.0,0.0,0.0,0.0,0.0,0.00085799,1.25e-08,0.00023629,0.006884374,0.000202945,4.34e-14,4.46e-14,7.03e-08,8.32e-09,0.002164061,1.13e-19,0.209440807,0.011019406,0.03875418,0.123612816,0.00290406,0.0,0.0,0.002491483,0.000805126,0.011536128,0.0,0.427445944,0.075796997,0.010227285,0.014012093,0.000124578,0.0,0.0,0.046432112,0.01699604,0.002200883,0.0,0.59323,0.185,4.451101953981796,0.814331370300619,1.8290793282114857,0.17158609604940578,709.4522922097852,59.755686906720975,1.4638149368605855,0.38825087253821655,0.15183560411492408,0.015473215273081172,69.34397511771549,6.794798212833025,2.498096350056316,0.9546742856956343,1.2912676716706029,0.5570588629031851,-0.5019036499436839,-0.162018508,-0.340045369,-617.6895591646258,2.896320531877964e-20,1.360518714813425e-08,2
DD10,980.0,0.6385975538136597,0.08682192928401522,0.04968724868663522,0.1407725752453564,0.003051661870873802,0.0,0.0,0.048933688157149165,0.017800798726725735,0.014334544215584595,0.0,0.0,0.0,0.0,0.0,0.0,0.0,0.00072977,3.03e-08,0.000185037,0.005123883,0.000153482,3.06e-14,2.95e-14,1.53e-07,1.88e-08,0.001585248,1.9e-19,0.244809164,0.017439732,0.039801133,0.125982136,0.002917879,0.0,0.0,0.005412486,0.001796657,0.012130813,0.0,0.393795753,0.069373402,0.009883786,0.01480369,0.00013193,0.0,0.0,0.043509547,0.016007555,0.002204337,0.0,0.54971,0.52,4.451101953981796,0.814331370300619,1.8290793282114857,0.17158609604940578,709.4522922097852,59.755686906720975,1.4638149368605855,0.38825087253821655,0.15183560411492408,0.015473215273081172,69.34397511771549,6.794798212833025,2.498096350056316,0.9546742856956343,1.2912676716706029,0.5570588629031851,-0.5019036499436839,-0.190657288,-0.311262295,-595.2369032300326,2.211373928902588e-19,1.5757221632142708e-07,2
DD10,1000.0,0.6385975538136597,0.08682192928401522,0.04968724868663522,0.1407725752453564,0.003051661870873802,0.0,0.0,0.048933688157149165,0.017800798726725735,0.014334544215584595,0.0,0.0,0.0,0.0,0.0,0.0,0.0,0.000702528,3.7e-08,0.000174133,0.004750112,0.000144014,2.79e-14,2.65e-14,1.81e-07,2.25e-08,0.00145112,2.11e-19,0.256396222,0.019557262,0.040013442,0.12596945,0.002915658,0.0,0.0,0.006562558,0.002170442,0.012174966,0.0,0.382205981,0.067260816,0.009669744,0.014814475,0.00013356,0.0,0.0,0.042365232,0.01562652,0.00215833,0.0,0.53424,1.3,4.451101953981796,0.814331370300619,1.8290793282114857,0.17158609604940578,709.4522922097852,59.755686906720975,1.4638149368605855,0.38825087253821655,0.15183560411492408,0.015473215273081172,69.34397511771549,6.794798212833025,2.498096350056316,0.9546742856956343,1.2912676716706029,0.5570588629031851,-0.5019036499436839,-0.20022090800000003,-0.301712039,-589.5644890855995,3.552613716231436e-19,3.1421154936097576e-07,2
DD10,1100.0,0.6385975538136597,0.08682192928401522,0.04968724868663522,0.1407725752453564,0.003051661870873802,0.0,0.0,0.048933688157149165,0.017800798726725735,0.014334544215584595,0.0,0.0,0.0,0.0,0.0,0.0,0.0,0.000581331,9.14e-08,0.000126486,0.003236877,0.000106447,1.62e-14,1.46e-14,3.84e-07,5.01e-08,0.000923531,3.42e-19,0.352558528,0.036322328,0.042425866,0.128222122,0.002923242,0.0,0.0,0.017180772,0.005463892,0.01270325,0.0,0.286048662,0.050492188,0.00725971,0.012564728,0.000128704,0.0,0.0,0.031741624,0.012335474,0.00162891,0.0,0.4022,2.59,4.451101953981796,0.814331370300619,1.8290793282114857,0.17158609604940578,709.4522922097852,59.755686906720975,1.4638149368605855,0.38825087253821655,0.15183560411492408,0.015473215273081172,69.34397511771549,6.794798212833025,2.498096350056316,0.9546742856956343,1.2912676716706029,0.5570588629031851,-0.5019036499436839,-0.277570496,-0.224363248,-561.09231069106,2.3429334749014858e-18,2.8423385384627966e-05,2
DD10H,1000.0,0.6236684397060949,0.08682722188608025,0.06459736086102959,0.14078115663981042,0.0030518478979760883,0.0,0.0,0.04893667111941603,0.017801883850551908,0.014335418039040747,0.0,0.0,0.0,0.0,0.0,0.0,0.0,0.000673359,4.04e-08,0.000222586,0.004632928,0.000143823,2.6e-14,2.62e-14,2e-07,2.82e-08,0.001419774,2.3e-19,0.250763518,0.020185475,0.051975938,0.126697276,0.002915469,0.0,0.0,0.006816983,0.002384522,0.012320819,0.0,0.372912498,0.066636598,0.012617301,0.014095192,0.000136744,0.0,0.0,0.042112016,0.015420561,0.00201435,0.0,0.52594,1.31,4.450491745130974,0.8143715759580726,1.8286271828475444,0.17163041537724416,709.7979418658208,59.825184445955294,1.4614330840561465,0.38875384278898023,0.15188049822112856,0.015478021499229099,69.37362737490936,6.79939155603886,2.5130337969254755,0.9624789002943498,1.2893377528271734,0.557301913686548,-0.48696620307452454,-0.193468627,-0.293506078,-590.8052150216806,2.44818194387872e-19,3.950546517921122e-07,2
DD10H,1100.0,0.6236684397060949,0.08682722188608025,0.06459736086102959,0.14078115663981042,0.0030518478979760883,0.0,0.0,0.04893667111941603,0.017801883850551908,0.014335418039040747,0.0,0.0,0.0,0.0,0.0,0.0,0.0,0.000558405,9.92e-08,0.000160494,0.003161084,0.000105527,1.51e-14,1.41e-14,4.25e-07,6.07e-08,0.000903237,3.7e-19,0.352731164,0.038228084,0.055412565,0.129117492,0.002929732,0.0,0.0,0.0181508,0.006062577,0.012857586,0.0,0.270948817,0.048594374,0.009182099,0.011673724,0.000123043,0.0,0.0,0.030772335,0.011735245,0.001480364,0.0,0.38451,2.81,4.450491745130974,0.8143715759580726,1.8286271828475444,0.17163041537724416,709.7979418658208,59.825184445955294,1.4614330840561465,0.38875384278898023,0.15188049822112856,0.015478021499229099,69.37362737490936,6.79939155603886,2.5130337969254755,0.9624789002943498,1.2893377528271734,0.557301913686548,-0.48696620307452454,-0.27509325599999995,-0.21189577099999996,-562.338864578498,1.551133245954966e-18,4.447380410278445e-05,2
LDSX-1,1100.0,0.699941708084686,0.13831282941239526,0.03166197299801819,0.03588153978410023,0.016204968462508358,0.0207092882678015,0.021537680949527533,0.0032481026195481026,0.022342508468785008,0.009810951913697264,0.00034844903893275293,0.0,0.0,0.0,0.0,0.0,0.0,0.000892516,6.4e-08,0.000103045,0.000520004,0.000489849,0.000470385,0.00071606,4.15e-09,6.75e-09,0.000242916,9.84e-12,0.260803307,0.033857014,0.02096002,0.025528427,0.010641656,0.011973306,0.013320351,0.000542667,0.001889712,0.005338147,1.54e-05,0.438001676,0.104444799,0.009042476,0.009985151,0.004323096,0.002731957,0.00411895,0.002701935,0.020450646,0.00428707,0.000336241,0.60043,0.5868,4.567395473546223,1.0622963533049514,1.8625161317546082,0.1544741520677111,712.3560792365782,62.54416670121277,1.4313413755564204,0.44212080658226555,0.1491933401606185,0.017352625342744468,68.5825126173325,8.584096571620803,2.4893438791251135,1.0536195562322845,1.4212174514515796,0.6949356071636376,-0.5106561208748878,-0.17125944399999998,-0.35864884599999997,-555.667824509958,3.41890021027956e-17,1.6988403478724863e-07,1
LDSX-2,1100.0,0.6270494251908905,0.13978104702709865,0.08532818934987549,0.03626242931529925,0.03275397471592081,0.020929121395009808,0.021766307626346307,0.003282581861283269,0.02257967854642634,0.009915097078523219,0.0003521478933265283,0.0,0.0,0.0,0.0,0.0,0.0,0.000691697,1.17e-07,0.000247744,0.000587413,0.000937201,0.000315245,0.000589476,9.14e-09,2.14e-08,0.000315577,1.81e-11,0.234280983,0.036874166,0.056850592,0.027601016,0.02281607,0.011544041,0.012838161,0.000539903,0.002287377,0.006495326,1.24e-05,0.390853558,0.102897975,0.023170199,0.007813468,0.006800194,0.001745083,0.003129891,0.002741469,0.020282368,0.003163667,0.000337758,0.56293,0.7308,4.605657080285542,1.1106844932779996,1.864506424536917,0.15870452119675715,712.4713045247644,63.46578469168243,1.4436701035493122,0.4742479567213926,0.15002683934077554,0.018229637205911788,68.48912568646416,8.736127973879421,2.61337642745627,1.1988578578797937,1.420824117267286,0.6998782566121654,-0.38662357254373,-0.10529349499999996,-0.31069795499999997,-564.8510125561852,9.057130141689803e-18,6.129371765978481e-07,1
N5,900.0,0.6477382038718541,0.13800971414580254,0.07643367378848373,0.08084526865253185,0.009388715781876698,0.009676125448668842,0.0,0.0,0.02157439783081666,0.016333900479965715,0.0,0.0,0.0,0.0,0.0,0.0,0.0,0.000998459,1.78e-08,0.000460014,0.003160925,0.000493064,0.000413542,5.31e-14,1.05e-18,2.83e-09,0.001064341,1.17e-20,0.17340022,0.017640882,0.049624332,0.05577524,0.005822987,0.00772684,0.0,0.0,0.000468004,0.007911495,0.0,0.474044886,0.12035888,0.026213026,0.024145004,0.003349518,0.000895013,0.0,0.0,0.021107385,0.007919507,0.0,0.67804,0.01188,4.469266098563192,0.9775480471953081,1.8468479281758043,0.15831780487923836,710.8262551144971,64.74037713239132,1.4219915397694838,0.44330240430372686,0.1489066615999838,0.016580614558053094,68.46508334526283,8.448682804295526,2.4919306914726445,0.9940348214683761,1.403716060078362,0.6958146798799769,-0.5080693085273559,-0.115807086,-0.396233015,-622.286348825639,9.951651555745443e-20,8.389850702374714e-10,2
N5,1000.0,0.6477382038718541,0.13800971414580254,0.07643367378848373,0.08084526865253185,0.009388715781876698,0.009676125448668842,0.0,0.0,0.02157439783081666,0.016333900479965715,0.0,0.0,0.0,0.0,0.0,0.0,0.0,0.000820567,5.26e-08,0.000314989,0.002113216,0.000385659,0.000309652,2.81e-14,2.06e-18,8.16e-09,0.00081933,2.77e-20,0.234492756,0.031704315,0.054911156,0.060437371,0.006946543,0.00857094,0.0,0.0,0.00145706,0.009623941,0.0,0.413248489,0.106298056,0.02152003,0.02041917,0.002444382,0.001106778,0.0,0.0,0.020117321,0.006711692,0.0,0.59186,0.00576,4.469266098563192,0.9775480471953081,1.8468479281758043,0.15831780487923836,710.8262551144971,64.74037713239132,1.4219915397694838,0.44330240430372686,0.1489066615999838,0.016580614558053094,68.46508334526283,8.448682804295526,2.4919306914726445,0.9940348214683761,1.403716060078362,0.6958146798799769,-0.5080693085273559,-0.16472530400000002,-0.343332069,-594.5295199543768,8.843908250184453e-19,3.7470345983736096e-08,0
N5,1100.0,0.6477382038718541,0.13800971414580254,0.07643367378848373,0.08084526865253185,0.009388715781876698,0.009676125448668842,0.0,0.0,0.02157439783081666,0.016333900479965715,0.0,0.0,0.0,0.0,0.0,0.0,0.0,0.000679233,1.26e-07,0.000216063,0.001427869,0.000302308,0.000212691,1.48e-14,3.2e-18,2.05e-08,0.000624639,5.74e-20,0.32374775,0.053923155,0.06057855,0.065295688,0.007769089,0.008625777,0.0,0.0,0.004079977,0.011410013,0.0,0.323995764,0.084077879,0.015851128,0.015558449,0.001621349,0.001049928,0.0,0.0,0.017495706,0.004924442,0.0,0.46457,0.00864,4.469266098563192,0.9775480471953081,1.8468479281758043,0.15831780487923836,710.8262551144971,64.74037713239132,1.4219915397694838,0.44330240430372686,0.1489066615999838,0.016580614558053094,68.46508334526283,8.448682804295526,2.4919306914726445,0.9940348214683761,1.403716060078362,0.6958146798799769,-0.5080693085273559,-0.24079893599999996,-0.26726712300000005,-565.9790711739978,4.8417556307876285e-18,2.4890844321961126e-06,0
N5,1050.0,0.6477382038718541,0.13800971414580254,0.07643367378848373,0.08084526865253185,0.009388715781876698,0.009676125448668842,0.0,0.0,0.02157439783081666,0.016333900479965715,0.0,0.0,0.0,0.0,0.0,0.0,0.0,0.000746689,8.32e-08,0.000261275,0.001733813,0.000340711,0.000256286,2.04e-14,2.65e-18,1.31e-08,0.000713526,4.02e-20,0.274594298,0.041577421,0.0575784,0.06266391,0.007365382,0.008570458,0.0,0.0,0.00247529,0.010454842,0.0,0.373154352,0.09642071,0.018854227,0.018185827,0.002021242,0.00110687,0.0,0.0,0.019100198,0.005876573,0.0,0.53472,0.10296,4.469266098563192,0.9775480471953081,1.8468479281758043,0.15831780487923836,710.8262551144971,64.74037713239132,1.4219915397694838,0.44330240430372686,0.1489066615999838,0.016580614558053094,68.46508334526283,8.448682804295526,2.4919306914726445,0.9940348214683761,1.403716060078362,0.6958146798799769,-0.5080693085273559,-0.19904213,-0.309046771,-580.3311963404738,2.2268269829524715e-18,2.826950418083479e-07,2
N5,980.0,0.6477382038718541,0.13800971414580254,0.07643367378848373,0.08084526865253185,0.009388715781876698,0.009676125448668842,0.0,0.0,0.02157439783081666,0.016333900479965715,0.0,0.0,0.0,0.0,0.0,0.0,0.0,0.000852026,4.33e-08,0.00033917,0.002290056,0.000405944,0.000334259,3.2e-14,1.84e-18,6.7e-09,0.000867829,2.36e-20,0.22057712,0.02833717,0.053932659,0.059645141,0.006776533,0.008586197,0.0,0.0,0.00116502,0.009324043,0.0,0.427164994,0.109664521,0.022496855,0.021206252,0.002617905,0.001088755,0.0,0.0,0.020411094,0.007009624,0.0,0.61166,0.07128,4.469266098563192,0.9775480471953081,1.8468479281758043,0.15831780487923836,710.8262551144971,64.74037713239132,1.4219915397694838,0.44330240430372686,0.1489066615999838,0.016580614558053094,68.46508334526283,8.448682804295526,2.4919306914726445,0.9940348214683761,1.403716060078362,0.6958146798799769,-0.5080693085273559,-0.15277295799999996,-0.3552827090000001,-600.1962676228663,5.87143072702263e-19,1.725427260609752e-08,2
PWA-1484,900.0,0.5980482589197536,0.13150330166322016,0.1075113051463504,0.06091962704110028,0.03961839215596307,0.010207800019776201,0.0,0.0,0.031513634857118306,0.020677680196718107,0.0,0.0,0.0,0.0,0.0,0.0,0.0,0.000859871,2.19e-08,0.000682884,0.002281114,0.001597202,0.000152844,5.37e-14,1.92e-18,9.61e-09,0.001485937,1.8e-20,0.141687488,0.01695735,0.066946575,0.036231375,0.018752625,0.003196538,0.0,0.0,0.000850238,0.011630775,0.0,0.449470647,0.114525679,0.029080534,0.011719118,0.006355692,0.000246445,0.0,0.0,0.030656486,0.006478915,0.0,0.64854,0.0612,4.611456193143728,1.1599494221200646,1.8582806494222661,0.16643730520366207,713.0630329337746,63.21490029720283,1.4745500061730425,0.525094219333689,0.1508210368091123,0.018683457416335297,68.34981926430241,8.471480485696578,2.6662828278920796,1.2806889963553292,1.4047495940632178,0.6818244558894346,-0.33371717210792096,-0.042443735999999996,-0.34916096399999996,-624.9820816024452,7.084443579039745e-20,3.2343145141049986e-09,1
SCA425+,1000.0,0.6264059801260835,0.10024200670209872,0.050432890966235294,0.17717753500739924,0.006194914569338709,0.0,0.0,0.0,0.026280625751212518,0.012933029872237795,0.0003330170053941672,0.0,0.0,0.0,0.0,0.0,0.0,0.000756553,5.2e-08,0.000161274,0.004254989,0.000215068,1.49e-14,1.54e-14,3.61e-18,2.1e-08,0.000872684,1.86e-11,0.361763461,0.040207814,0.046500501,0.159976307,0.005877784,0.0,0.0,0.0,0.00399815,0.01030341,1.26e-05,0.264642277,0.060022917,0.003928989,0.017212536,0.000315656,0.0,0.0,0.0,0.0222816,0.002632942,0.00031937,0.37136,0.01138266,4.437331290359672,0.8826431740837858,1.8305104226620879,0.16639884515590472,708.0584506546008,62.33155924870193,1.4758727558448048,0.42385994035041186,0.15123881928861088,0.0159046505486585,69.09621882683244,7.244245891183581,2.4838721217064648,0.9336794115345196,1.312260443349182,0.5999534965151994,-0.5161278782935348,-0.30521097900000005,-0.21091391299999998,-594.3676066053033,1.0242396919267279e-19,5.4724619333955385e-06,0
SCA425+0.25Si,900.0,0.6221574028311424,0.09996618573481969,0.05029412230799879,0.17669002203061812,0.006177868947598476,0.0,0.0,0.0,0.02620831327609478,0.012897443984379323,0.00033210069220800814,0.0,0.00527654019514041,0.0,0.0,0.0,0.0,0.000904124,1.97e-08,0.000222297,0.006365747,0.000296372,2.66e-14,2.82e-14,2.11e-18,6.69e-09,0.001288645,6.38e-12,0.304930214,0.02664589,0.046157843,0.158013111,0.005829825,0.0,0.0,0.0,0.001309638,0.00970348,5.53e-06,0.321473033,0.073589997,0.004272765,0.019175993,0.000366876,0.0,0.0,0.0,0.024969952,0.0032303,0.000326609,0.44741,0.0537984,4.438353801034019,0.8815418270893658,1.8306763768651328,0.1661713477182151,708.399021036705,62.34909419578986,1.468251581939856,0.43549190871941423,0.15103215053633506,0.016120831448654727,68.9459125222013,7.555368012571425,2.4930938034043293,0.9436443821797108,1.3268268651684805,0.6336499474126146,-0.5069061965956709,-0.255705493,-0.26041499200000007,-623.605293783781,8.002794945415858e-21,2.43377413861382e-07,0
AM1,1197.087973,0.6567218672778494,0.11610816182989465,0.06757193718357957,0.0873512961336021,0.012619798762181465,0.0,0.0,0.015101468108357047,0.026535366274391157,0.017990104430144486,0.0,0.0,0.0,0.0,0.0,0.0,0.0,0.000563192,2.02e-07,0.00014024,0.001175051,0.000335935,7.58e-15,8.62e-15,1.02e-07,6.93e-08,0.000565321,1.78e-19,0.475137719,0.075268238,0.06156756,0.079721144,0.011879372,0.0,0.0,0.009887087,0.014087241,0.015841641,0.0,0.181590067,0.040834349,0.005999542,0.00763928,0.000739037,0.0,0.0,0.005214315,0.012445585,0.002150392,0.0,0.25661,0.32985828,4.495110911654754,0.9634161534529596,1.8460860226136413,0.1641027877307564,712.165883736059,61.448323025392874,1.4475204344518189,0.4480226576415043,0.15015835449219062,0.01653791998295017,68.87259942252881,7.797065591941726,2.5032800429562667,1.0295698204236758,1.3633887892011494,0.6403118661120983,-0.4967199570437322,-0.353913111,-0.142816295,-533.9826118314729,1.4875853250933023e-17,0.0009047567811759053,0
AM1,1297.675374,0.6567218672778494,0.11610816182989465,0.06757193718357957,0.0873512961336021,0.012619798762181465,0.0,0.0,0.015101468108357047,0.026535366274391157,0.017990104430144486,0.0,0.0,0.0,0.0,0.0,0.0,0.0,0.000466382,3.83e-07,9.52e-05,0.000805981,0.000253734,4.32e-15,4.86e-15,1.45e-07,1.27e-07,0.000408171,3.24e-19,0.65673,0.1161,0.06757,0.08736,0.01262,0.0,0.0,0.0151,0.02653,0.01799,0.0,0.0,0.0,0.0,0.0,0.0,0.0,0.0,0.0,0.0,0.0,0.0,0.0,2.198304,4.495110911654754,0.9634161534529596,1.8460860226136413,0.1641027877307564,712.165883736059,61.448323025392874,1.4475204344518189,0.4480226576415043,0.15015835449219062,0.01653791998295017,68.87259942252881,7.797065591941726,2.5032800429562667,1.0295698204236758,1.3633887892011494,0.6403118661120983,-0.4967199570437322,-0.49674,0.0,-504.5297800585975,2.777505494018298e-17,0.0,0
AM1,1135.520933,0.6567218672778494,0.11610816182989465,0.06757193718357957,0.0873512961336021,0.012619798762181465,0.0,0.0,0.015101468108357047,0.026535366274391157,0.017990104430144486,0.0,0.0,0.0,0.0,0.0,0.0,0.0,0.0006345,1.26e-07,0.000179448,0.001489419,0.000396918,1.11e-14,1.27e-14,7.24e-08,4.39e-08,0.00069071,1.24e-19,0.38024613,0.054625104,0.058158162,0.07584786,0.011496168,0.0,0.0,0.006596262,0.008622126,0.014608188,0.0,0.27648514,0.061475358,0.00941367,0.011506896,0.001126522,0.0,0.0,0.008501538,0.01791131,0.003379566,0.0,0.3898,0.06683832,4.495110911654754,0.9634161534529596,1.8460860226136413,0.1641027877307564,712.165883736059,61.448323025392874,1.4475204344518189,0.4480226576415043,0.15015835449219062,0.01653791998295017,68.87259942252881,7.797065591941726,2.5032800429562667,1.0295698204236758,1.3633887892011494,0.6403118661120983,-0.4967199570437322,-0.278092548,-0.21864271800000004,-551.4583489359989,8.059768368112695e-18,3.3278049192813684e-05,0
AM1,1097.608701,0.6567218672778494,0.11610816182989465,0.06757193718357957,0.0873512961336021,0.012619798762181465,0.0,0.0,0.015101468108357047,0.026535366274391157,0.017990104430144486,0.0,0.0,0.0,0.0,0.0,0.0,0.0,0.000682733,9.2e-08,0.000207773,0.001720809,0.000439231,1.4e-14,1.61e-14,5.63e-08,3.26e-08,0.000781164,9.88e-20,0.336228447,0.045167063,0.056543894,0.074171672,0.01132195,0.0,0.0,0.0050271,0.006327779,0.014022096,0.0,0.320502817,0.07093158,0.011027084,0.013183772,0.001299427,0.0,0.0,0.010070561,0.020204288,0.00396596,0.0,0.45119,0.03892248,4.495110911654754,0.9634161534529596,1.8460860226136413,0.1641027877307564,712.165883736059,61.448323025392874,1.4475204344518189,0.4480226576415043,0.15015835449219062,0.01653791998295017,68.87259942252881,7.797065591941726,2.5032800429562667,1.0295698204236758,1.3633887892011494,0.6403118661120983,-0.4967199570437322,-0.24251365099999994,-0.25422751899999996,-562.1777924931544,4.7304812038228535e-18,5.676592372546199e-06,0
AM1,1098.648565,0.6567218672778494,0.11610816182989465,0.06757193718357957,0.0873512961336021,0.012619798762181465,0.0,0.0,0.015101468108357047,0.026535366274391157,0.017990104430144486,0.0,0.0,0.0,0.0,0.0,0.0,0.0,0.000681364,9.29e-08,0.00020695,0.001714024,0.000438011,1.39e-14,1.6e-14,5.67e-08,3.29e-08,0.000778526,9.94e-20,0.337313141,0.0454014,0.056583902,0.074210652,0.011325586,0.0,0.0,0.005068447,0.006383712,0.014038663,0.0,0.319416698,0.07069869,0.010985682,0.013144146,0.001295078,0.0,0.0,0.010032361,0.020150161,0.003952687,0.0,0.44968,0.021620736,4.495110911654754,0.9634161534529596,1.8460860226136413,0.1641027877307564,712.165883736059,61.448323025392874,1.4475204344518189,0.4480226576415043,0.15015835449219062,0.01653791998295017,68.87259942252881,7.797065591941726,2.5032800429562667,1.0295698204236758,1.3633887892011494,0.6403118661120983,-0.4967199570437322,-0.24338452300000005,-0.25334072,-561.8971174103776,4.8063078899528086e-18,5.9438384011800365e-06,0
AM1,1049.961853,0.6567218672778494,0.11610816182989465,0.06757193718357957,0.0873512961336021,0.012619798762181465,0.0,0.0,0.015101468108357047,0.026535366274391157,0.017990104430144486,0.0,0.0,0.0,0.0,0.0,0.0,0.0,0.000748428,6.07e-08,0.000248557,0.002061876,0.000499513,1.85e-14,2.19e-14,3.96e-08,2.19e-08,0.000913118,7.35e-20,0.292848121,0.035863741,0.054993025,0.072685413,0.011157934,0.0,0.0,0.003514041,0.004232488,0.01344035,0.0,0.36387908,0.080237144,0.012571883,0.014673162,0.001462204,0.0,0.0,0.011585152,0.022301161,0.004545101,0.0,0.51126,0.012376224,4.495110911654754,0.9634161534529596,1.8460860226136413,0.1641027877307564,712.165883736059,61.448323025392874,1.4475204344518189,0.4480226576415043,0.15015835449219062,0.01653791998295017,68.87259942252881,7.797065591941726,2.5032800429562667,1.0295698204236758,1.3633887892011494,0.6403118661120983,-0.4967199570437322,-0.207074252,-0.289669691,-575.7223645985135,2.0909994620406636e-18,7.92768355387645e-07,0
AM1,941.11273,0.6567218672778494,0.11610816182989465,0.06757193718357957,0.0873512961336021,0.012619798762181465,0.0,0.0,0.015101468108357047,0.026535366274391157,0.017990104430144486,0.0,0.0,0.0,0.0,0.0,0.0,0.0,0.000922118,2.07e-08,0.000368434,0.003130247,0.000685125,3.36e-14,4.29e-14,1.54e-08,7.7e-09,0.001324486,3.42e-20,0.227741992,0.021683045,0.053005221,0.071123107,0.010923549,0.0,0.0,0.001468477,0.001556506,0.012628103,0.0,0.428985033,0.094413539,0.014564844,0.016238481,0.001697632,0.0,0.0,0.013629046,0.024978587,0.005362838,0.0,0.59987,0.001168276,4.495110911654754,0.9634161534529596,1.8460860226136413,0.1641027877307564,712.165883736059,61.448323025392874,1.4475204344518189,0.4480226576415043,0.15015835449219062,0.01653791998295017,68.87259942252881,7.797065591941726,2.5032800429562667,1.0295698204236758,1.3633887892011494,0.6403118661120983,-0.4967199570437322,-0.15250554700000002,-0.34421740300000003,-606.619464420603,1.8930635878054307e-19,1.816673295155786e-08,0
AM1,947.8780568,0.6567218672778494,0.11610816182989465,0.06757193718357957,0.0873512961336021,0.012619798762181465,0.0,0.0,0.015101468108357047,0.026535366274391157,0.017990104430144486,0.0,0.0,0.0,0.0,0.0,0.0,0.0,0.000910283,2.23e-08,0.000359704,0.003048855,0.000670892,3.24e-14,4.11e-14,1.64e-08,8.27e-09,0.001293066,3.6e-20,0.230797493,0.02236145,0.053078128,0.071166973,0.010934151,0.0,0.0,0.001556247,0.001665386,0.012664213,0.0,0.42592908,0.093740025,0.01448937,0.0161933,0.001686057,0.0,0.0,0.013542079,0.024867857,0.005326273,0.0,0.59578,0.00086886,4.495110911654754,0.9634161534529596,1.8460860226136413,0.1641027877307564,712.165883736059,61.448323025392874,1.4475204344518189,0.4480226576415043,0.15015835449219062,0.01653791998295017,68.87259942252881,7.797065591941726,2.5032800429562667,1.0295698204236758,1.3633887892011494,0.6403118661120983,-0.4967199570437322,-0.155115382,-0.34161429700000007,-604.726148411745,2.243078757664456e-19,2.2539402398246414e-08,0
AM1,1039.396103,0.6567218672778494,0.11610816182989465,0.06757193718357957,0.0873512961336021,0.012619798762181465,0.0,0.0,0.015101468108357047,0.026535366274391157,0.017990104430144486,0.0,0.0,0.0,0.0,0.0,0.0,0.0,0.000763803,5.51e-08,0.000258463,0.002146289,0.000514225,1.97e-14,2.34e-14,3.64e-08,1.99e-08,0.000945642,6.86e-20,0.284720086,0.034111396,0.054717679,0.072439559,0.011126915,0.0,0.0,0.003237789,0.00386338,0.013333196,0.0,0.372010522,0.081988078,0.01285227,0.014921172,0.001494207,0.0,0.0,0.011859615,0.022669105,0.004655029,0.0,0.52245,0.011958516,4.495110911654754,0.9634161534529596,1.8460860226136413,0.1641027877307564,712.165883736059,61.448323025392874,1.4475204344518189,0.4480226576415043,0.15015835449219062,0.01653791998295017,68.87259942252881,7.797065591941726,2.5032800429562667,1.0295698204236758,1.3633887892011494,0.6403118661120983,-0.4967199570437322,-0.200375204,-0.296364989,-578.7187604991456,1.709165080889698e-18,5.294643450932282e-07,0
AM1,1090.371704,0.6567218672778494,0.11610816182989465,0.06757193718357957,0.0873512961336021,0.012619798762181465,0.0,0.0,0.015101468108357047,0.026535366274391157,0.017990104430144486,0.0,0.0,0.0,0.0,0.0,0.0,0.0,0.000692338,8.66e-08,0.000213579,0.001768761,0.000447822,1.46e-14,1.69e-14,5.35e-08,3.07e-08,0.000799792,9.46e-20,0.328861613,0.04358647,0.056275179,0.073907961,0.011293813,0.0,0.0,0.004766345,0.00596197,0.013922035,0.0,0.327869087,0.072513725,0.011295806,0.013450684,0.001328918,0.0,0.0,0.010331418,0.020575164,0.004065198,0.0,0.46143,0.023966208,4.495110911654754,0.9634161534529596,1.8460860226136413,0.1641027877307564,712.165883736059,61.448323025392874,1.4475204344518189,0.4480226576415043,0.15015835449219062,0.01653791998295017,68.87259942252881,7.797065591941726,2.5032800429562667,1.0295698204236758,1.3633887892011494,0.6403118661120983,-0.4967199570437322,-0.23652378399999996,-0.26020499300000005,-564.2471657998955,4.2208720379471395e-18,4.139614031612866e-06,0
12,950.0,0.6626737320552176,0.13594869068803436,0.05101767969726749,0.08672514993922999,0.012533493963772686,0.0,0.0,0.0,0.021600604752558664,0.026165986636727354,0.0005053176981164165,0.0,0.0,0.002505393220466644,0.00010145574346096645,0.0,0.00022249560514782407,0.000889011,3.15e-08,0.000260867,0.003352083,0.000691289,3.21e-14,3.95e-14,1.8e-18,5.14e-09,0.001909709,6.99e-12,0.17704596,0.019752038,0.030101078,0.054628665,0.008339078,0.0,0.0,0.0,0.000776783,0.0116064,3.02e-06,0.487748183,0.116475407,0.021023208,0.03229187,0.004221388,0.0,0.0,0.0,0.020869703,0.014617863,0.00050238,0.69775,0.092419498,4.495851272713422,1.0331690718066466,1.8533095222777143,0.16935447530015765,710.8402755195576,67.02866076886406,1.4385626606040618,0.47934093485334894,0.1489967471680703,0.017433931613886493,68.25268372963272,8.908663780156145,2.4996366301699826,1.0486445764550072,1.4106874262171512,0.7055135096639236,-0.5003633698300172,-0.11565294,-0.388988644,-608.5012775266689,6.840410563268344e-19,1.5549295020861182e-09,2
16,1000.0,0.6631669291757559,0.1299828907387403,0.05365677298913041,0.08955296650776429,0.01318183900885651,0.0,0.0,0.024019550162367436,0.010802956630171877,0.01563609478721346,0.0,0.0,0.0,0.0,0.0,0.0,0.0,0.000813652,4.7e-08,0.000209055,0.002941802,0.000650297,2.82e-14,3.13e-14,3.51e-08,4.75e-09,0.001103728,4.83e-20,0.216937019,0.025870024,0.032142315,0.065777341,0.010151161,0.0,0.0,0.002320784,0.000719116,0.009268609,0.0,0.446238239,0.104105699,0.021511442,0.023784854,0.003031216,0.0,0.0,0.021689749,0.010080702,0.0063681,0.0,0.63681,0.000709503,4.417202946872074,0.8303148277066743,1.844022444589777,0.16259839860261954,708.2604599733695,64.66899186853499,1.4162454217663096,0.40736941163409995,0.14908182334922165,0.015789748871434008,68.56236464170202,8.203392938287983,2.468912335635166,0.9631118218014828,1.3832026451959272,0.67423606349027,-0.5310876643648348,-0.154918693,-0.376189138,-592.9408075743521,1.6929443404237781e-18,2.2435778877088398e-08,0
16,900.0,0.6631669291757559,0.1299828907387403,0.05365677298913041,0.08955296650776429,0.01318183900885651,0.0,0.0,0.024019550162367436,0.010802956630171877,0.01563609478721346,0.0,0.0,0.0,0.0,0.0,0.0,0.0,0.000973628,1.66e-08,0.000285234,0.004564294,0.000903545,5e-14,5.78e-14,1.4e-08,1.79e-09,0.001626841,2.28e-20,0.166621171,0.015194022,0.028542723,0.062440669,0.009421926,0.0,0.0,0.000854154,0.000250707,0.008194627,0.0,0.496552378,0.114780845,0.025108531,0.027120614,0.003762029,0.0,0.0,0.023160211,0.010549267,0.00743904,0.0,0.70848,0.001024585,4.417202946872074,0.8303148277066743,1.844022444589777,0.16259839860261954,708.2604599733695,64.66899186853499,1.4162454217663096,0.40736941163409995,0.14908182334922165,0.015789748871434008,68.56236464170202,8.203392938287983,2.468912335635166,0.9631118218014828,1.3832026451959272,0.67423606349027,-0.5310876643648348,-0.11241594400000002,-0.418690426,-621.3786717764051,1.6780355168543414e-19,5.786027104477803e-10,0
17-new_alloy,1100.0,0.6354055670206925,0.13685220709305917,0.09920410996103286,0.059171034412992575,0.006413535777958549,0.01156726988524667,0.0,0.003856562092511736,0.02040606028169966,0.0267788841555754,0.000344769319230838,0.0,0.0,0.0,0.0,0.0,0.0,0.000658925,1.28e-07,0.000278034,0.001074975,0.00020415,0.000244607,1.62e-14,1.3e-08,2.38e-08,0.001003356,2.2e-11,0.301051723,0.049949642,0.075493704,0.046723941,0.005061632,0.010236087,0.0,0.001076943,0.004441108,0.018774706,2.56e-05,0.334364258,0.086896513,0.023710564,0.012456937,0.001349461,0.001329974,0.0,0.002781741,0.015964561,0.007999331,0.000321532,0.48717,0.22294837,4.521310756986663,1.0743395634895367,1.8547099431111922,0.1612929306890776,713.5535606528774,63.636793424927525,1.426639512523291,0.47136780358145225,0.14911862853098448,0.01693560941841837,68.49988588835271,8.466656250806329,2.5323196845255445,1.0634243591121633,1.406056772356687,0.692802374110124,-0.4676803154744555,-0.19908577600000002,-0.268625539,-566.2187899151536,4.621949714855057e-18,1.7229776554033128e-06,2
AlH,1100.0,0.7609304975528318,0.16123376884256707,0.0,0.023901577381167362,0.041215472863446484,0.003034083643737679,0.0,0.0,0.00936685709844074,0.0,0.0,0.0,0.0,0.0,0.000317742617808749,0.0,0.0,0.00108574,4.59e-08,1.19e-15,0.000329576,0.001362629,0.00012407,2.01e-14,8.82e-19,8.26e-10,2.17e-14,1.27e-20,0.202394339,0.028892529,0.0,0.011230747,0.01712499,0.001725592,0.0,0.0,0.000484423,0.0,0.0,0.558897654,0.132306006,0.0,0.012666654,0.024085835,0.001306526,0.0,0.0,0.008879945,0.0,0.0,0.73815,0.066881439,4.401719970190509,0.7607951425899823,1.8618683485647134,0.14250264623181702,707.4281865972347,66.36446373669236,1.3830632580957074,0.40030340206705584,0.14671397112780976,0.01616711398455427,67.91930966771714,9.099825091713377,2.3875178025218644,0.9780128431346352,1.4672265518401586,0.7472531215540213,-0.6124821974781355,-0.14659933900000002,-0.466267207,-550.607816245059,1.2904014716269535e-16,1.6335599757994617e-08,2
AlL,1100.0,0.7719461137273372,0.1496861843415516,0.0,0.02406493271337253,0.04149716001547965,0.003054820088603094,0.0,0.0,0.009430874883904544,0.0,0.0,0.0,0.0,0.0,0.0003199142297513476,0.0,0.0,0.001129739,4.01e-08,1.12e-15,0.000274329,0.001198953,0.000100949,1.72e-14,7.02e-19,8.98e-10,1.65e-14,1.33e-20,0.326272033,0.046389506,0.0,0.015048829,0.023356346,0.002196002,0.0,0.0,0.001081427,0.0,0.0,0.446038656,0.103263571,0.0,0.009013307,0.01813789,0.00086092,0.0,0.0,0.008351512,0.0,0.0,0.58566,0.222193821,4.414723933217903,0.7542712113940674,1.8653342538012456,0.13895083339466058,709.2442606446606,64.12590597215315,1.3911013577895643,0.3949602055518896,0.14709048290118287,0.015843160707324194,68.16970999687733,8.789219767923129,2.377516756264117,0.9748829910737589,1.4459246488250923,0.7203544168285467,-0.622483243735883,-0.249648137,-0.37320012199999997,-548.5515183714735,1.0226960358456803e-16,7.177281984869024e-07,2
CMSX-10,1150.0,0.7412133859550898,0.13210470036776484,0.03183245791994333,0.02404983006695206,0.002606755942639932,0.020149159454589265,0.0,0.0026124737068759295,0.02764653837695384,0.017006516039511355,0.00010509758222994344,0.0006730845874496808,0.0,0.0,0.0,0.0,0.0,0.000903245,6.49e-08,9.35e-05,0.000301059,7.88e-05,0.000553408,1.59e-14,3.46e-09,9.57e-09,0.000313955,3.77e-12,0.34677563,0.046120394,0.023932872,0.01722829,0.001867336,0.016243012,0.0,0.000867983,0.005874134,0.010256275,1.41e-05,0.395222031,0.085923833,0.007887985,0.006815729,0.00073784,0.003896219,0.0,0.001746398,0.021758312,0.006741414,9.02e-05,0.53082,29.10743701,4.546812909195928,1.0686208810923505,1.8589298264908634,0.1487910087189804,716.006806530705,60.219108096793605,1.4235746659150752,0.44630957703814284,0.14856977184105993,0.016671473054758277,68.61373686657774,8.256774366476236,2.4172815661184552,0.9741091658517743,1.415964211745024,0.679185787497279,-0.5827184338815444,-0.26528842199999997,-0.31963860899999996,-535.0730018307049,1.211552070645839e-16,6.151220885059929e-07,1
CMSX-4,1000.0,0.635780242394794,0.12552552739495043,0.10262414029707653,0.06978046831969292,0.0037817450261845038,0.009743781827669258,0.0,0.012633466863811822,0.020054075122272752,0.019737730377632896,0.00033882237591499354,0.0,0.0,0.0,0.0,0.0,0.0,0.000819877,4.33e-08,0.000421393,0.001761624,0.00015195,0.000265745,2.99e-14,1.77e-08,1.07e-08,0.000941118,1.21e-11,0.248165342,0.031183474,0.07751789,0.056209109,0.002990318,0.009024114,0.0,0.001718879,0.002294792,0.013888364,1.33e-05,0.387620481,0.094331826,0.025097969,0.013579416,0.000790926,0.000718517,0.0,0.010911434,0.017762411,0.005848395,0.000323054,0.55699,0.00352,4.487449652057275,0.9801591527674762,1.8484452424118332,0.15878239749220163,713.7180411613039,62.256389272502346,1.4205776174137346,0.43544536686524665,0.14939022016378892,0.01623760276090412,68.80313214626831,8.082901356937729,2.5073461869562697,0.9971517497257795,1.3788440661303405,0.6641258289023775,-0.4926538130437309,-0.17315930499999999,-0.319506174,-591.7835886558292,5.4210009121916665e-19,1.1484105089484843e-07,0
CMSX-4,900.0,0.635780242394794,0.12552552739495043,0.10262414029707653,0.06978046831969292,0.0037817450261845038,0.009743781827669258,0.0,0.012633466863811822,0.020054075122272752,0.019737730377632896,0.00033882237591499354,0.0,0.0,0.0,0.0,0.0,0.0,0.001006514,1.44e-08,0.000609481,0.002536787,0.000196776,0.000362237,5.62e-14,6.1e-09,3.69e-09,0.001249668,4.23e-12,0.192108884,0.017803383,0.073695435,0.054532654,0.002744309,0.009187785,0.0,0.000663299,0.000820012,0.012890596,3.64e-06,0.44368381,0.107713014,0.028923881,0.0152532,0.001035946,0.000552929,0.0,0.011967406,0.019238099,0.006844873,0.000336841,0.63555,0.01976,4.487449652057275,0.9801591527674762,1.8484452424118332,0.15878239749220163,713.7180411613039,62.256389272502346,1.4205776174137346,0.43544536686524665,0.14939022016378892,0.01623760276090412,68.80313214626831,8.082901356937729,2.5073461869562697,0.9971517497257795,1.3788440661303405,0.6641258289023775,-0.4926538130437309,-0.124521636,-0.36815505000000004,-619.5297268423009,5.067395359709089e-20,3.0372810815877198e-09,2
CMSX-4,1150.0,0.6375502106131868,0.12587498178071302,0.09261885492470709,0.07580596000990261,0.0037922731427569834,0.009770907842307535,0.0,0.01266863756171341,0.021785729636978755,0.019792678853760473,0.0003397656339734556,0.0,0.0,0.0,0.0,0.0,0.0,0.000595014,1.71e-07,0.000216983,0.001164412,0.00011131,0.00017621,1.16e-14,6.79e-08,4.28e-08,0.000687812,5.19e-11,0.391486134,0.065812063,0.079550913,0.066400132,0.003412094,0.009060145,0.0,0.005893618,0.008226508,0.016343157,5.82e-05,0.246071799,0.060055995,0.013068264,0.00941382,0.000382072,0.000711078,0.0,0.006771158,0.013560004,0.003452795,0.000283016,0.35377,4.714337039,4.492179429015518,0.993286870144886,1.8464377124213092,0.16099358337208525,712.9622303350617,62.63672889695638,1.4269912642644849,0.44089149190416566,0.14954503152206547,0.016442176912154497,68.75112916037811,8.09577527234524,2.509326323530625,1.0038438019711662,1.380078734527545,0.6653831025461402,-0.4906736764693749,-0.29169525700000004,-0.19897086,-550.3571312466826,6.301484533247208e-18,6.581534072054484e-05,2
CMSX-4,900.0,0.6375502106131868,0.12587498178071302,0.09261885492470709,0.07580596000990261,0.0037922731427569834,0.009770907842307535,0.0,0.01266863756171341,0.021785729636978755,0.019792678853760473,0.0003397656339734556,0.0,0.0,0.0,0.0,0.0,0.0,0.000974139,1.58e-08,0.000553596,0.002983009,0.000215683,0.000360797,5.66e-14,7.02e-09,4.09e-09,0.001430482,4.6e-12,0.18301729,0.016547777,0.066541547,0.058940504,0.002845573,0.008708434,0.0,0.000588739,0.000718402,0.012531734,3.5e-06,0.45435292,0.109318531,0.025718579,0.01647647,0.000913201,0.000531081,0.0,0.012078859,0.021061903,0.006871673,0.000336783,0.64766,0.00875837,4.492179429015518,0.993286870144886,1.8464377124213092,0.16099358337208525,712.9622303350617,62.63672889695638,1.4269912642644849,0.44089149190416566,0.14954503152206547,0.016442176912154497,68.75112916037811,8.09577527234524,2.509326323530625,1.0038438019711662,1.380078734527545,0.6653831025461402,-0.4906736764693749,-0.11743945799999998,-0.37539668800000003,-620.7363309068766,5.520098922145257e-20,2.037902456616416e-09,2
DD5,1100.0,0.6420007678728191,0.13848940171548907,0.07772199614347697,0.07996732010595185,0.010049438540325493,0.010033415838571149,0.0,0.0,0.021982452554824543,0.017374113454989473,0.0004726949265791934,0.0,0.0,0.0019083988469729572,0.0,0.0,0.0,0.000663505,1.33e-07,0.000219966,0.001450824,0.000328963,0.000221247,1.51e-14,3.46e-18,2.25e-08,0.000691357,2.75e-11,0.310425719,0.05186172,0.060984384,0.064160654,0.008294751,0.008919591,0.0,0.0,0.00395732,0.012069826,3.12e-05,0.332945745,0.086829988,0.016852188,0.015936725,0.001768617,0.001126355,0.0,0.0,0.018060024,0.005329816,0.000445749,0.4793,0.123127043,4.484562772184433,1.0044858420537708,1.848280291915373,0.16227176250629974,711.5005501958366,66.61303832151016,1.4223159440102529,0.454071683974428,0.14885973554244103,0.01715641185771888,68.33473010311913,8.82157973873064,2.5066827186734693,1.0161804665140575,1.410883381469024,0.7075864252307827,-0.4933172813265306,-0.22354696599999996,-0.272831939,-566.8020729796415,4.8397800612208494e-18,1.8482207545314014e-06,0
E71,1000.0,0.5928174623099359,0.07585674979935057,0.09193128430679624,0.13891052779998725,0.01191971525676458,0.006465581315430842,0.0,0.04904090076916199,0.01996061524704139,0.013097163195531144,0.0,0.0,0.0,0.0,0.0,0.0,0.0,0.000644226,3.71e-08,0.000302143,0.003964144,0.000519802,0.000132911,2.41e-14,2.53e-07,4.94e-08,0.001054656,2.97e-19,0.252760077,0.018333882,0.077907347,0.128456256,0.011463206,0.006254541,0.0,0.007574829,0.003142803,0.011861882,0.0,0.339956954,0.057515099,0.01390803,0.010156522,0.000404527,0.00014929,0.0,0.041454406,0.016816774,0.001213582,0.0,0.48158,0.199017014,4.508302090008083,0.888460674442126,1.8322374154841428,0.1704659399188506,712.0257489054914,57.70470451586832,1.4817891171821032,0.40933795173220333,0.1529449504575393,0.016023936346676714,69.53387802444833,6.505558136825939,2.5841264669410577,1.0681610315311842,1.2700779358203744,0.5239345003867207,-0.41587353305894226,-0.156415296,-0.259716093,-589.6025816650898,8.600715776596575e-20,1.3514688477322435e-06,2
E73,1000.0,0.6149530627994464,0.07605746847620207,0.09217453656577289,0.11606507350044865,0.0119512550931155,0.006482689389928388,0.0,0.049170664102550624,0.020013431486758028,0.013131818585777477,0.0,0.0,0.0,0.0,0.0,0.0,0.0,0.000730333,2.68e-08,0.000330714,0.003142619,0.000510579,0.000144728,2.67e-14,1.7e-07,3.36e-08,0.000854904,2.21e-19,0.27367797,0.01879432,0.078517797,0.107224403,0.01149409,0.006327213,0.0,0.008777967,0.00359548,0.01192076,0.0,0.341280408,0.057258208,0.013656205,0.008854708,0.000460483,0.000153494,0.0,0.040383417,0.016419104,0.001213565,0.0,0.47967,6.083359496,4.516411687010038,0.8881170013938069,1.837834907600519,0.16638723828463306,713.9139377073316,56.338901471408924,1.4729259970779511,0.40554928219045583,0.15256076763583534,0.015834689288389665,69.596991653985,6.498103974833279,2.562459064093156,1.0586661427027368,1.2759403280579946,0.5233513578258329,-0.43754093590684395,-0.17481006699999999,-0.262729651,-585.0127262052947,1.5246459252671972e-19,1.4374846649484758e-06,1
E75,1000.0,0.6159906834391414,0.07631341592913102,0.09248472093466623,0.1164556539461513,0.006311301725065,0.006504504839097602,0.0,0.049336132484394155,0.023427577117496996,0.013176009584856107,0.0,0.0,0.0,0.0,0.0,0.0,0.0,0.000718938,2.66e-08,0.000342632,0.003281803,0.000284116,0.000146164,2.78e-14,1.78e-07,4.03e-08,0.000905332,2.25e-19,0.26014678,0.017456863,0.079008689,0.106927661,0.006059117,0.006344311,0.0,0.008455746,0.004092781,0.011858058,0.0,0.35523253,0.058784758,0.013462882,0.009527271,0.000254393,0.000164607,0.0,0.040812634,0.019254066,0.001316858,0.0,0.49881,2.175117639,4.515426867420654,0.8967724178001143,1.8347998291653433,0.16728856223273628,714.215813817876,56.310118737359645,1.470900529738602,0.40402715961264996,0.1525105498773426,0.01583470279060712,69.63566641164883,6.4675772446659066,2.551671546888205,1.031399068894099,1.2763962359148546,0.5244811455845806,-0.4483284531117948,-0.177065325,-0.270868797,-584.9070081669063,1.7021242342633141e-19,8.058048927532575e-07,1
PWA-1484,900.0,0.5980482589197536,0.13150330166322016,0.1075113051463504,0.06091962704110028,0.03961839215596307,0.010207800019776201,0.0,0.0,0.031513634857118306,0.020677680196718107,0.0,0.0,0.0,0.0,0.0,0.0,0.0,0.000859871,2.19e-08,0.000682884,0.002281114,0.001597202,0.000152844,5.37e-14,1.92e-18,9.61e-09,0.001485937,1.8e-20,0.141687488,0.01695735,0.066946575,0.036231375,0.018752625,0.003196538,0.0,0.0,0.000850238,0.011630775,0.0,0.449470647,0.114525679,0.029080534,0.011719118,0.006355692,0.000246445,0.0,0.0,0.030656486,0.006478915,0.0,0.64854,0.004513861,4.611456193143728,1.1599494221200646,1.8582806494222661,0.16643730520366207,713.0630329337746,63.21490029720283,1.4745500061730425,0.525094219333689,0.1508210368091123,0.018683457416335297,68.34981926430241,8.471480485696578,2.6662828278920796,1.2806889963553292,1.4047495940632178,0.6818244558894346,-0.33371717210792096,-0.042443735999999996,-0.34916096399999996,-624.9820816024452,7.084443579039745e-20,3.2343145141049986e-09,2
TMS-196,900.0,0.6455099671710854,0.13171608465500073,0.06030374960108467,0.05613674393668554,0.015872999169174062,0.021811876409341232,0.031393552947673466,0.0,0.019640212026041336,0.017259281964868128,0.0003555321190454767,0.0,0.0,0.0,0.0,0.0,0.0,0.001201582,1.1e-08,0.000349763,0.001789326,0.000631506,0.000446208,0.001268046,7.61e-19,1.3e-09,0.000892115,1.73e-12,0.150621374,0.012236853,0.029310699,0.033332584,0.006758504,0.006150366,0.009819634,0.0,0.00025041,0.007037021,2.56e-06,0.492250305,0.119472942,0.020431445,0.018818436,0.005431842,0.00103398,0.002447086,0.0,0.019383678,0.009691839,0.000351553,0.68932,0.064586153,4.614132427014907,1.1402412928128092,1.8669934528752175,0.16118475941976554,712.582674074157,62.42054145778604,1.4535393887628,0.4668418425276495,0.15024594206761088,0.017757858328601064,68.75292377124184,8.503768666905565,2.568540138168525,1.1306361981303998,1.4004066767448557,0.6799167120391276,-0.43145986183147483,-0.08661105300000001,-0.40324530700000005,-616.027117001549,2.8158337093464566e-19,9.665283651416105e-10,2
